{
  "weights": [
    1.4318737892703275,
    -1.4191538507720003,
    1.0951832185854293,
    -0.9798677310278746,
    1.00958253421954,
    -1.0848063812186644,
    0.08633347943262952,
    -0.16208268066116557,
    -0.22799817850787277,
    0.0005691774629659994
  ],
  "bias": -0.03639164530674331
}