{
  "weights": [
    1.4502308402033872,
    -1.4544572033983205,
    1.1008587943245685,
    -0.9843903859531491,
    1.0284888475147815,
    -1.110423065880718,
    0.08321883822592527,
    -0.16386125780240274,
    -0.23226865366597288,
    -0.0065475927798611085
  ],
  "bias": -0.043474872488484924
}