{
  "weights": [
    1.422100660288114,
    -1.4145194672154027,
    1.116453669942419,
    -0.9954815387704038,
    1.020766499687195,
    -1.0963043688307845,
    0.08618855853898617,
    -0.16071680285503742,
    -0.22245285730407405,
    -0.0019316013775086901
  ],
  "bias": -0.03904846702462071
}