{
  "weights": [
	1.3045092077982259,
	-1.2571758013818528,
	1.4728145746548442,
	-1.2899071506744646,
	1.1023524821600412,
	-1.15103267669151,
	0.12985933546800824,
	-0.17731815339636342,
	-0.75542413666725975,
	0.0719061641946872
  ],
  "bias": -0.051628242453949556
}
